<?xml version="1.0" encoding="UTF-8"?>
<GenRun Id="synth_1" LaunchPart="xc7z010clg400-1" LaunchTime="1570965416">
  <File Type="PA-TCL" Name="dac_controller.tcl"/>
  <File Type="REPORTS-TCL" Name="dac_controller_reports.tcl"/>
  <File Type="RDS-RDS" Name="dac_controller.vds"/>
  <File Type="RDS-DCP" Name="dac_controller.dcp"/>
  <File Type="RDS-UTIL-PB" Name="dac_controller_utilization_synth.pb"/>
  <File Type="RDS-UTIL" Name="dac_controller_utilization_synth.rpt"/>
  <FileSet Name="sources" Type="DesignSrcs" RelSrcDir="$PSRCDIR/sources_1">
    <Filter Type="Srcs"/>
    <File Path="$PSRCDIR/sources_1/new/dac_controller.vhd">
      <FileInfo>
        <Attr Name="ImportPath" Val="$PPRDIR/../../../../Documents/projects/fpga/DAC controller/DAC controller.srcs/sources_1/new/dac_controller.vhd"/>
        <Attr Name="ImportTime" Val="1570966212"/>
        <Attr Name="UsedIn" Val="synthesis"/>
        <Attr Name="UsedIn" Val="simulation"/>
      </FileInfo>
    </File>
    <Config>
      <Option Name="DesignMode" Val="RTL"/>
      <Option Name="TopModule" Val="dac_controller"/>
      <Option Name="TopAutoSet" Val="TRUE"/>
    </Config>
  </FileSet>
  <FileSet Name="constrs_in" Type="Constrs" RelSrcDir="$PSRCDIR/constrs_1">
    <Filter Type="Constrs"/>
    <Config>
      <Option Name="ConstrsType" Val="XDC"/>
    </Config>
  </FileSet>
  <Strategy Version="1" Minor="2">
    <StratHandle Name="Vivado Synthesis Defaults" Flow="Vivado Synthesis 2018"/>
    <Step Id="synth_design"/>
  </Strategy>
</GenRun>
